ticker,date,setup_type,score,sm_score,flow_score,status,entry_date,exit_date,days_in_trade,result_r,result_pct,rr_zone
NVDA,2017-06-08,EMA Pullback,70,5,0.0,WIN,2017-07-03,2017-07-12,9,0.928822062650187,9.140235823411908,2.0
NVDA,2017-07-12,EMA Pullback,70,5,0.0,EXPIRED,,,0,0.0,0.0,2.0
NVDA,2017-07-13,EMA Pullback,70,5,0.0,EXPIRED,,,0,0.0,0.0,2.0
NVDA,2017-07-14,EMA Pullback,70,5,0.0,EXPIRED,,,0,0.0,0.0,2.0
NVDA,2017-07-17,EMA Pullback,70,5,0.0,WIN,2017-08-11,2017-09-15,35,1.367033827968701,11.165465762603475,2.0
NVDA,2017-09-15,EMA Pullback,70,5,0.0,EXPIRED,,,0,0.0,0.0,2.0
NVDA,2017-09-18,EMA Pullback,70,5,0.0,EXPIRED,,,0,0.0,0.0,2.0
NVDA,2017-09-19,EMA Pullback,70,5,0.0,WIN,2017-09-25,2017-10-27,32,1.820196231754615,12.64382340098084,2.0
NVDA,2017-10-27,EMA Pullback,70,5,0.0,EXPIRED,,,0,0.0,0.0,2.0
NVDA,2017-10-30,EMA Pullback,70,5,0.0,WIN,2017-11-29,2018-01-11,43,1.56333589443491,11.865165651836742,2.0
NVDA,2018-01-11,EMA Pullback,70,5,0.0,WIN,2018-02-05,2018-02-15,10,2.029851053919112,13.187879534580327,2.0
NVDA,2018-02-15,EMA Pullback,70,5,0.0,PARTIAL_WIN,2018-03-01,2018-04-04,34,0.03241430384712374,0.23026023407016677,2.0
NVDA,2018-05-07,EMA Pullback,70,5,0.0,EXPIRED,,,0,0.0,0.0,2.0
NVDA,2018-05-08,EMA Pullback,70,5,0.0,EXPIRED,,,0,0.0,0.0,2.0
NVDA,2018-05-09,EMA Pullback,70,5,0.0,EXPIRED,,,0,0.0,0.0,2.0
NVDA,2018-05-10,EMA Pullback,70,5,0.0,EXPIRED,,,0,0.0,0.0,2.0
NVDA,2018-05-11,EMA Pullback,70,5,0.0,EXPIRED,,,0,0.0,0.0,2.0
NVDA,2018-05-14,EMA Pullback,70,5,0.0,WIN,2018-05-21,2018-09-04,106,2.2728212853930128,13.736461198970066,2.0
NVDA,2018-09-04,EMA Pullback,70,5,0.0,PARTIAL_WIN,2018-09-12,2018-10-10,28,0.13748683586349586,0.8922984774457375,2.0
NVDA,2019-10-11,EMA Pullback,70,5,0.0,EXPIRED,,,0,0.0,0.0,2.0
NVDA,2019-10-14,EMA Pullback,70,5,0.0,EXPIRED,,,0,0.0,0.0,2.0
NVDA,2019-10-15,EMA Pullback,70,5,0.0,EXPIRED,,,0,0.0,0.0,2.0
NVDA,2019-10-16,EMA Pullback,70,5,0.0,EXPIRED,,,0,0.0,0.0,2.0
NVDA,2019-10-17,EMA Pullback,70,5,0.0,EXPIRED,,,0,0.0,0.0,2.0
NVDA,2019-10-18,EMA Pullback,70,5,0.0,EXPIRED,,,0,0.0,0.0,2.0
NVDA,2019-10-21,EMA Pullback,70,5,0.0,EXPIRED,,,0,0.0,0.0,2.0
NVDA,2019-10-22,EMA Pullback,70,5,0.0,EXPIRED,,,0,0.0,0.0,2.0
NVDA,2019-10-23,EMA Pullback,70,5,0.0,EXPIRED,,,0,0.0,0.0,2.0
NVDA,2019-10-24,EMA Pullback,70,5,0.0,EXPIRED,,,0,0.0,0.0,2.0
NVDA,2019-10-25,EMA Pullback,70,5,0.0,EXPIRED,,,0,0.0,0.0,2.0
NVDA,2019-10-28,EMA Pullback,70,5,0.0,EXPIRED,,,0,0.0,0.0,2.0
NVDA,2019-10-29,EMA Pullback,70,5,0.0,EXPIRED,,,0,0.0,0.0,2.0
NVDA,2019-10-30,EMA Pullback,70,5,0.0,EXPIRED,,,0,0.0,0.0,2.0
NVDA,2019-10-31,EMA Pullback,70,5,0.0,EXPIRED,,,0,0.0,0.0,2.0
NVDA,2019-11-01,EMA Pullback,70,5,0.0,EXPIRED,,,0,0.0,0.0,2.0
NVDA,2019-11-04,EMA Pullback,70,5,0.0,EXPIRED,,,0,0.0,0.0,2.0
NVDA,2019-11-05,EMA Pullback,70,5,0.0,EXPIRED,,,0,0.0,0.0,2.0
NVDA,2019-11-06,EMA Pullback,70,5,0.0,EXPIRED,,,0,0.0,0.0,2.0
NVDA,2019-11-07,EMA Pullback,70,5,0.0,EXPIRED,,,0,0.0,0.0,2.0
NVDA,2019-11-08,EMA Pullback,70,5,0.0,EXPIRED,,,0,0.0,0.0,2.0
NVDA,2019-11-11,EMA Pullback,70,5,0.0,WIN,2019-11-15,2019-12-19,34,1.5471140910422154,11.811120437827892,2.0
NVDA,2019-12-19,EMA Pullback,70,5,0.0,EXPIRED,,,0,0.0,0.0,2.0
NVDA,2019-12-20,EMA Pullback,70,5,0.0,EXPIRED,,,0,0.0,0.0,2.0
NVDA,2019-12-23,EMA Pullback,70,5,0.0,EXPIRED,,,0,0.0,0.0,2.0
NVDA,2019-12-24,EMA Pullback,70,5,0.0,EXPIRED,,,0,0.0,0.0,2.0
NVDA,2019-12-26,EMA Pullback,70,5,0.0,EXPIRED,,,0,0.0,0.0,2.0
NVDA,2019-12-27,EMA Pullback,70,5,0.0,EXPIRED,,,0,0.0,0.0,2.0
NVDA,2019-12-30,EMA Pullback,70,5,0.0,EXPIRED,,,0,0.0,0.0,2.0
NVDA,2019-12-31,EMA Pullback,70,5,0.0,EXPIRED,,,0,0.0,0.0,2.0
NVDA,2020-01-02,EMA Pullback,70,5,0.0,EXPIRED,,,0,0.0,0.0,2.0
NVDA,2020-01-03,EMA Pullback,70,5,0.0,EXPIRED,,,0,0.0,0.0,2.0
NVDA,2020-01-06,EMA Pullback,70,5,0.0,EXPIRED,,,0,0.0,0.0,2.0
NVDA,2020-01-07,EMA Pullback,70,5,0.0,EXPIRED,,,0,0.0,0.0,2.0
NVDA,2020-01-08,EMA Pullback,70,5,0.0,EXPIRED,,,0,0.0,0.0,2.0
NVDA,2020-01-09,EMA Pullback,70,5,0.0,WIN,2020-01-27,2020-02-11,15,1.5434105799229272,11.798692397329424,2.0
NVDA,2020-02-11,EMA Pullback,70,5,0.0,PARTIAL_WIN,2020-02-27,2020-03-12,14,-0.1436304103813223,-1.0386308192461045,2.0
NVDA,2020-04-06,EMA Pullback,70,5,0.0,EXPIRED,,,0,0.0,0.0,2.0
NVDA,2020-04-07,EMA Pullback,70,5,0.0,EXPIRED,,,0,0.0,0.0,2.0
NVDA,2020-04-08,EMA Pullback,70,5,0.0,EXPIRED,,,0,0.0,0.0,2.0
NVDA,2020-04-09,EMA Pullback,70,5,0.0,EXPIRED,,,0,0.0,0.0,2.0
NVDA,2020-04-13,EMA Pullback,70,5,0.0,EXPIRED,,,0,0.0,0.0,2.0
NVDA,2020-04-14,EMA Pullback,70,5,0.0,EXPIRED,,,0,0.0,0.0,2.0
NVDA,2020-04-15,EMA Pullback,70,5,0.0,EXPIRED,,,0,0.0,0.0,2.0
NVDA,2020-04-16,EMA Pullback,70,5,0.0,EXPIRED,,,0,0.0,0.0,2.0
NVDA,2020-04-17,EMA Pullback,70,5,0.0,EXPIRED,,,0,0.0,0.0,2.0
NVDA,2020-04-20,EMA Pullback,70,5,0.0,EXPIRED,,,0,0.0,0.0,2.0
NVDA,2020-04-21,EMA Pullback,70,5,0.0,EXPIRED,,,0,0.0,0.0,2.0
NVDA,2020-04-22,EMA Pullback,70,5,0.0,EXPIRED,,,0,0.0,0.0,2.0
NVDA,2020-04-23,EMA Pullback,70,5,0.0,EXPIRED,,,0,0.0,0.0,2.0
NVDA,2020-04-24,EMA Pullback,70,5,0.0,EXPIRED,,,0,0.0,0.0,2.0
NVDA,2020-04-27,EMA Pullback,70,5,0.0,EXPIRED,,,0,0.0,0.0,2.0
NVDA,2020-04-28,EMA Pullback,70,5,0.0,EXPIRED,,,0,0.0,0.0,2.0
NVDA,2020-04-29,EMA Pullback,70,5,0.0,EXPIRED,,,0,0.0,0.0,2.0
NVDA,2020-04-30,EMA Pullback,70,5,0.0,EXPIRED,,,0,0.0,0.0,2.0
NVDA,2020-05-01,EMA Pullback,70,5,0.0,EXPIRED,,,0,0.0,0.0,2.0
NVDA,2020-05-04,EMA Pullback,70,5,0.0,EXPIRED,,,0,0.0,0.0,2.0
NVDA,2020-05-05,EMA Pullback,70,5,0.0,EXPIRED,,,0,0.0,0.0,2.0
NVDA,2020-05-06,EMA Pullback,70,5,0.0,EXPIRED,,,0,0.0,0.0,2.0
NVDA,2020-05-07,EMA Pullback,70,5,0.0,EXPIRED,,,0,0.0,0.0,2.0
NVDA,2020-05-08,EMA Pullback,70,5,0.0,EXPIRED,,,0,0.0,0.0,2.0
NVDA,2020-05-11,EMA Pullback,70,5,0.0,EXPIRED,,,0,0.0,0.0,2.0
NVDA,2020-05-12,EMA Pullback,70,5,0.0,EXPIRED,,,0,0.0,0.0,2.0
NVDA,2020-05-13,EMA Pullback,70,5,0.0,EXPIRED,,,0,0.0,0.0,2.0
NVDA,2020-05-14,EMA Pullback,70,5,0.0,EXPIRED,,,0,0.0,0.0,2.0
NVDA,2020-05-15,EMA Pullback,70,5,0.0,EXPIRED,,,0,0.0,0.0,2.0
NVDA,2020-05-18,EMA Pullback,70,5,0.0,EXPIRED,,,0,0.0,0.0,2.0
NVDA,2020-05-19,EMA Pullback,70,5,0.0,EXPIRED,,,0,0.0,0.0,2.0
NVDA,2020-05-20,EMA Pullback,70,5,0.0,EXPIRED,,,0,0.0,0.0,2.0
NVDA,2020-05-21,EMA Pullback,70,5,0.0,EXPIRED,,,0,0.0,0.0,2.0
NVDA,2020-05-22,EMA Pullback,70,5,0.0,WIN,2020-05-27,2020-06-10,14,1.1036895462060134,10.040363898368316,2.0
NVDA,2020-06-10,EMA Pullback,70,5,0.0,EXPIRED,,,0,0.0,0.0,2.0
NVDA,2020-06-11,EMA Pullback,70,5,0.0,EXPIRED,,,0,0.0,0.0,2.0
NVDA,2020-06-12,EMA Pullback,70,5,0.0,EXPIRED,,,0,0.0,0.0,2.0
NVDA,2020-06-15,EMA Pullback,70,5,0.0,EXPIRED,,,0,0.0,0.0,2.0
NVDA,2020-06-16,EMA Pullback,70,5,0.0,EXPIRED,,,0,0.0,0.0,2.0
NVDA,2020-06-17,EMA Pullback,70,5,0.0,EXPIRED,,,0,0.0,0.0,2.0
NVDA,2020-06-18,EMA Pullback,70,5,0.0,EXPIRED,,,0,0.0,0.0,2.0
NVDA,2020-06-19,EMA Pullback,70,5,0.0,EXPIRED,,,0,0.0,0.0,2.0
NVDA,2020-06-22,EMA Pullback,70,5,0.0,WIN,2020-06-29,2020-07-09,10,1.2437004326228693,10.668601432009,2.0
NVDA,2020-07-09,EMA Pullback,70,5,0.0,EXPIRED,,,0,0.0,0.0,2.0
NVDA,2020-07-10,EMA Pullback,70,5,0.0,EXPIRED,,,0,0.0,0.0,2.0
NVDA,2020-07-13,EMA Pullback,70,5,0.0,EXPIRED,,,0,0.0,0.0,2.0
NVDA,2020-07-14,EMA Pullback,70,5,0.0,EXPIRED,,,0,0.0,0.0,2.0
NVDA,2020-07-15,EMA Pullback,70,5,0.0,EXPIRED,,,0,0.0,0.0,2.0
NVDA,2020-07-16,EMA Pullback,70,5,0.0,WIN,2020-07-24,2020-08-05,12,1.2548806138696977,10.715691158949681,2.0
NVDA,2020-08-05,EMA Pullback,70,5,0.0,EXPIRED,,,0,0.0,0.0,2.0
NVDA,2020-08-06,EMA Pullback,70,5,0.0,EXPIRED,,,0,0.0,0.0,2.0
NVDA,2020-08-07,EMA Pullback,70,5,0.0,EXPIRED,,,0,0.0,0.0,2.0
NVDA,2020-08-10,EMA Pullback,70,5,0.0,EXPIRED,,,0,0.0,0.0,2.0
NVDA,2020-08-11,EMA Pullback,70,5,0.0,EXPIRED,,,0,0.0,0.0,2.0
NVDA,2020-08-12,EMA Pullback,70,5,0.0,EXPIRED,,,0,0.0,0.0,2.0
NVDA,2020-08-13,EMA Pullback,70,5,0.0,EXPIRED,,,0,0.0,0.0,2.0
NVDA,2020-08-14,EMA Pullback,70,5,0.0,EXPIRED,,,0,0.0,0.0,2.0
NVDA,2020-08-17,EMA Pullback,70,5,0.0,EXPIRED,,,0,0.0,0.0,2.0
NVDA,2020-08-18,EMA Pullback,70,5,0.0,EXPIRED,,,0,0.0,0.0,2.0
NVDA,2020-08-19,EMA Pullback,70,5,0.0,EXPIRED,,,0,0.0,0.0,2.0
NVDA,2020-08-20,EMA Pullback,70,5,0.0,EXPIRED,,,0,0.0,0.0,2.0
NVDA,2020-08-21,EMA Pullback,70,5,0.0,EXPIRED,,,0,0.0,0.0,2.0
NVDA,2020-08-24,EMA Pullback,70,5,0.0,EXPIRED,,,0,0.0,0.0,2.0
NVDA,2020-08-25,EMA Pullback,70,5,0.0,EXPIRED,,,0,0.0,0.0,2.0
NVDA,2020-08-26,EMA Pullback,70,5,0.0,WIN,2020-09-04,2020-09-30,26,1.0929089751365588,9.988824124347309,2.0
NVDA,2020-09-30,EMA Pullback,70,5,0.0,WIN,2020-10-28,2021-02-10,105,1.5607362389747146,11.856547108667062,2.0
NVDA,2021-02-10,EMA Pullback,70,5,0.0,LOSS,2021-02-23,2021-03-03,8,-1.0,-5.83556133975585,2.0
NVDA,2021-04-08,EMA Pullback,70,5,0.0,EXPIRED,,,0,0.0,0.0,2.0
NVDA,2021-04-09,EMA Pullback,70,5,0.0,EXPIRED,,,0,0.0,0.0,2.0
NVDA,2021-04-12,EMA Pullback,70,5,0.0,EXPIRED,,,0,0.0,0.0,2.0
NVDA,2021-04-13,EMA Pullback,70,5,0.0,WIN,2021-05-11,2021-06-02,22,2.3044102697235878,13.80221214094879,2.0
NVDA,2021-06-02,EMA Pullback,70,5,0.0,EXPIRED,,,0,0.0,0.0,2.0
NVDA,2021-06-03,EMA Pullback,70,5,0.0,EXPIRED,,,0,0.0,0.0,2.0
NVDA,2021-06-04,EMA Pullback,70,5,0.0,EXPIRED,,,0,0.0,0.0,2.0
NVDA,2021-06-07,EMA Pullback,70,5,0.0,EXPIRED,,,0,0.0,0.0,2.0
NVDA,2021-06-08,EMA Pullback,70,5,0.0,EXPIRED,,,0,0.0,0.0,2.0
NVDA,2021-06-09,EMA Pullback,70,5,0.0,EXPIRED,,,0,0.0,0.0,2.0
NVDA,2021-06-10,EMA Pullback,70,5,0.0,EXPIRED,,,0,0.0,0.0,2.0
NVDA,2021-06-11,EMA Pullback,70,5,0.0,EXPIRED,,,0,0.0,0.0,2.0
NVDA,2021-06-14,EMA Pullback,70,5,0.0,EXPIRED,,,0,0.0,0.0,2.0
NVDA,2021-06-15,EMA Pullback,70,5,0.0,EXPIRED,,,0,0.0,0.0,2.0
NVDA,2021-06-16,EMA Pullback,70,5,0.0,EXPIRED,,,0,0.0,0.0,2.0
NVDA,2021-06-17,EMA Pullback,70,5,0.0,EXPIRED,,,0,0.0,0.0,2.0
NVDA,2021-06-18,EMA Pullback,70,5,0.0,EXPIRED,,,0,0.0,0.0,2.0
NVDA,2021-06-21,EMA Pullback,70,5,0.0,EXPIRED,,,0,0.0,0.0,2.0
NVDA,2021-06-22,EMA Pullback,70,5,0.0,EXPIRED,,,0,0.0,0.0,2.0
NVDA,2021-06-23,EMA Pullback,70,5,0.0,EXPIRED,,,0,0.0,0.0,2.0
NVDA,2021-06-24,EMA Pullback,70,5,0.0,EXPIRED,,,0,0.0,0.0,2.0
NVDA,2021-06-25,EMA Pullback,70,5,0.0,EXPIRED,,,0,0.0,0.0,2.0
NVDA,2021-06-28,EMA Pullback,70,5,0.0,WIN,2021-07-19,2021-08-20,32,1.178436024975659,10.384918610824954,2.0
NVDA,2021-08-20,EMA Pullback,70,5,0.0,EXPIRED,,,0,0.0,0.0,2.0
NVDA,2021-08-23,EMA Pullback,70,5,0.0,EXPIRED,,,0,0.0,0.0,2.0
NVDA,2021-08-24,EMA Pullback,70,5,0.0,EXPIRED,,,0,0.0,0.0,2.0
NVDA,2021-08-25,EMA Pullback,70,5,0.0,EXPIRED,,,0,0.0,0.0,2.0
NVDA,2021-08-26,EMA Pullback,70,5,0.0,EXPIRED,,,0,0.0,0.0,2.0
NVDA,2021-08-27,EMA Pullback,70,5,0.0,WIN,2021-09-20,2021-10-26,36,1.5995256872816537,11.983488191179534,2.0
NVDA,2021-10-26,EMA Pullback,70,5,0.0,EXPIRED,,,0,0.0,0.0,2.0
NVDA,2021-10-27,EMA Pullback,70,5,0.0,EXPIRED,,,0,0.0,0.0,2.0
NVDA,2021-10-28,EMA Pullback,70,5,0.0,EXPIRED,,,0,0.0,0.0,2.0
NVDA,2021-10-29,EMA Pullback,70,5,0.0,EXPIRED,,,0,0.0,0.0,2.0
NVDA,2021-11-01,EMA Pullback,70,5,0.0,EXPIRED,,,0,0.0,0.0,2.0
NVDA,2021-11-02,EMA Pullback,70,5,0.0,EXPIRED,,,0,0.0,0.0,2.0
NVDA,2021-11-03,EMA Pullback,70,5,0.0,EXPIRED,,,0,0.0,0.0,2.0
NVDA,2021-11-04,EMA Pullback,70,5,0.0,EXPIRED,,,0,0.0,0.0,2.0
NVDA,2021-11-05,EMA Pullback,70,5,0.0,EXPIRED,,,0,0.0,0.0,2.0
NVDA,2021-11-08,EMA Pullback,70,5,0.0,EXPIRED,,,0,0.0,0.0,2.0
NVDA,2021-11-09,EMA Pullback,70,5,0.0,EXPIRED,,,0,0.0,0.0,2.0
NVDA,2021-11-10,EMA Pullback,70,5,0.0,EXPIRED,,,0,0.0,0.0,2.0
NVDA,2021-11-11,EMA Pullback,70,5,0.0,EXPIRED,,,0,0.0,0.0,2.0
NVDA,2021-11-12,EMA Pullback,70,5,0.0,EXPIRED,,,0,0.0,0.0,2.0
NVDA,2021-11-15,EMA Pullback,70,5,0.0,WIN,2021-12-14,2021-12-16,2,0.9193892527494063,9.087479100899227,2.0
NVDA,2021-12-23,EMA Pullback,70,5,0.0,LOSS,2021-12-29,2022-01-06,8,-1.0,-7.107812151925333,2.0
NVDA,2022-03-28,EMA Pullback,70,5,0.0,LOSS,2022-04-06,2022-04-07,1,-1.0,-5.32978997781507,2.0
NVDA,2023-02-02,EMA Pullback,70,5,0.0,EXPIRED,,,0,0.0,0.0,2.0
NVDA,2023-02-03,EMA Pullback,70,5,0.0,EXPIRED,,,0,0.0,0.0,2.0
NVDA,2023-02-06,EMA Pullback,70,5,0.0,EXPIRED,,,0,0.0,0.0,2.0
NVDA,2023-02-07,EMA Pullback,70,5,0.0,EXPIRED,,,0,0.0,0.0,2.0
NVDA,2023-02-08,EMA Pullback,70,5,0.0,EXPIRED,,,0,0.0,0.0,2.0
NVDA,2023-02-09,EMA Pullback,70,5,0.0,EXPIRED,,,0,0.0,0.0,2.0
NVDA,2023-02-10,EMA Pullback,70,5,0.0,EXPIRED,,,0,0.0,0.0,2.0
NVDA,2023-02-13,EMA Pullback,70,5,0.0,EXPIRED,,,0,0.0,0.0,2.0
NVDA,2023-02-14,EMA Pullback,70,5,0.0,EXPIRED,,,0,0.0,0.0,2.0
NVDA,2023-02-15,EMA Pullback,70,5,0.0,WIN,2023-02-21,2023-02-23,2,0.9309235375472764,9.151925847628648,2.0
NVDA,2023-02-23,EMA Pullback,70,5,0.0,EXPIRED,,,0,0.0,0.0,2.0
NVDA,2023-02-24,EMA Pullback,70,5,0.0,EXPIRED,,,0,0.0,0.0,2.0
NVDA,2023-02-27,EMA Pullback,70,5,0.0,EXPIRED,,,0,0.0,0.0,2.0
NVDA,2023-02-28,EMA Pullback,70,5,0.0,EXPIRED,,,0,0.0,0.0,2.0
NVDA,2023-03-01,EMA Pullback,70,5,0.0,EXPIRED,,,0,0.0,0.0,2.0
NVDA,2023-03-02,EMA Pullback,70,5,0.0,EXPIRED,,,0,0.0,0.0,2.0
NVDA,2023-03-03,EMA Pullback,70,5,0.0,EXPIRED,,,0,0.0,0.0,2.0
NVDA,2023-03-06,EMA Pullback,70,5,0.0,EXPIRED,,,0,0.0,0.0,2.0
NVDA,2023-03-07,EMA Pullback,70,5,0.0,WIN,2023-03-13,2023-03-16,3,1.0330994547635506,9.693890349720615,2.0
NVDA,2023-03-16,EMA Pullback,70,5,0.0,EXPIRED,,,0,0.0,0.0,2.0
NVDA,2023-03-17,EMA Pullback,70,5,0.0,EXPIRED,,,0,0.0,0.0,2.0
NVDA,2023-03-20,EMA Pullback,70,5,0.0,EXPIRED,,,0,0.0,0.0,2.0
NVDA,2023-03-21,EMA Pullback,70,5,0.0,EXPIRED,,,0,0.0,0.0,2.0
NVDA,2023-03-22,EMA Pullback,70,5,0.0,EXPIRED,,,0,0.0,0.0,2.0
NVDA,2023-03-23,EMA Pullback,70,5,0.0,EXPIRED,,,0,0.0,0.0,2.0
NVDA,2023-03-24,EMA Pullback,70,5,0.0,EXPIRED,,,0,0.0,0.0,2.0
NVDA,2023-03-27,EMA Pullback,70,5,0.0,EXPIRED,,,0,0.0,0.0,2.0
NVDA,2023-03-28,EMA Pullback,70,5,0.0,EXPIRED,,,0,0.0,0.0,2.0
NVDA,2023-03-29,EMA Pullback,70,5,0.0,EXPIRED,,,0,0.0,0.0,2.0
NVDA,2023-03-30,EMA Pullback,70,5,0.0,EXPIRED,,,0,0.0,0.0,2.0
NVDA,2023-03-31,EMA Pullback,70,5,0.0,EXPIRED,,,0,0.0,0.0,2.0
NVDA,2023-04-03,EMA Pullback,70,5,0.0,EXPIRED,,,0,0.0,0.0,2.0
NVDA,2023-04-04,EMA Pullback,70,5,0.0,EXPIRED,,,0,0.0,0.0,2.0
NVDA,2023-04-05,EMA Pullback,70,5,0.0,EXPIRED,,,0,0.0,0.0,2.0
NVDA,2023-04-06,EMA Pullback,70,5,0.0,EXPIRED,,,0,0.0,0.0,2.0
NVDA,2023-04-10,EMA Pullback,70,5,0.0,WIN,2023-04-14,2023-05-17,33,1.0508376963314756,9.782988829554736,2.0
NVDA,2023-05-17,EMA Pullback,70,5,0.0,EXPIRED,,,0,0.0,0.0,2.0
NVDA,2023-05-18,EMA Pullback,70,5,0.0,EXPIRED,,,0,0.0,0.0,2.0
NVDA,2023-05-19,EMA Pullback,70,5,0.0,EXPIRED,,,0,0.0,0.0,2.0
NVDA,2023-05-22,EMA Pullback,70,5,0.0,EXPIRED,,,0,0.0,0.0,2.0
NVDA,2023-05-23,EMA Pullback,70,5,0.0,EXPIRED,,,0,0.0,0.0,2.0
NVDA,2023-05-24,EMA Pullback,70,5,0.0,EXPIRED,,,0,0.0,0.0,2.0
NVDA,2023-05-25,EMA Pullback,70,5,0.0,EXPIRED,,,0,0.0,0.0,2.0
NVDA,2023-05-26,EMA Pullback,70,5,0.0,EXPIRED,,,0,0.0,0.0,2.0
NVDA,2023-05-30,EMA Pullback,70,5,0.0,EXPIRED,,,0,0.0,0.0,2.0
NVDA,2023-05-31,EMA Pullback,70,5,0.0,EXPIRED,,,0,0.0,0.0,2.0
NVDA,2023-06-01,EMA Pullback,70,5,0.0,EXPIRED,,,0,0.0,0.0,2.0
NVDA,2023-06-02,EMA Pullback,70,5,0.0,EXPIRED,,,0,0.0,0.0,2.0
NVDA,2023-06-05,EMA Pullback,70,5,0.0,EXPIRED,,,0,0.0,0.0,2.0
NVDA,2023-06-06,EMA Pullback,70,5,0.0,EXPIRED,,,0,0.0,0.0,2.0
NVDA,2023-06-07,EMA Pullback,70,5,0.0,EXPIRED,,,0,0.0,0.0,2.0
NVDA,2023-06-08,EMA Pullback,70,5,0.0,EXPIRED,,,0,0.0,0.0,2.0
NVDA,2023-06-09,EMA Pullback,70,5,0.0,EXPIRED,,,0,0.0,0.0,2.0
NVDA,2023-06-12,EMA Pullback,70,5,0.0,EXPIRED,,,0,0.0,0.0,2.0
NVDA,2023-06-13,EMA Pullback,70,5,0.0,EXPIRED,,,0,0.0,0.0,2.0
NVDA,2023-06-14,EMA Pullback,70,5,0.0,EXPIRED,,,0,0.0,0.0,2.0
NVDA,2023-06-15,EMA Pullback,70,5,0.0,EXPIRED,,,0,0.0,0.0,2.0
NVDA,2023-06-16,EMA Pullback,70,5,0.0,EXPIRED,,,0,0.0,0.0,2.0
NVDA,2023-06-20,EMA Pullback,70,5,0.0,EXPIRED,,,0,0.0,0.0,2.0
NVDA,2023-06-21,EMA Pullback,70,5,0.0,EXPIRED,,,0,0.0,0.0,2.0
NVDA,2023-06-22,EMA Pullback,70,5,0.0,EXPIRED,,,0,0.0,0.0,2.0
NVDA,2023-06-23,EMA Pullback,70,5,0.0,EXPIRED,,,0,0.0,0.0,2.0
NVDA,2023-06-26,EMA Pullback,70,5,0.0,EXPIRED,,,0,0.0,0.0,2.0
NVDA,2023-06-27,EMA Pullback,70,5,0.0,EXPIRED,,,0,0.0,0.0,2.0
NVDA,2023-06-28,EMA Pullback,70,5,0.0,EXPIRED,,,0,0.0,0.0,2.0
NVDA,2023-06-29,EMA Pullback,70,5,0.0,EXPIRED,,,0,0.0,0.0,2.0
NVDA,2023-06-30,EMA Pullback,70,5,0.0,EXPIRED,,,0,0.0,0.0,2.0
NVDA,2023-07-03,EMA Pullback,70,5,0.0,EXPIRED,,,0,0.0,0.0,2.0
NVDA,2023-07-05,EMA Pullback,70,5,0.0,EXPIRED,,,0,0.0,0.0,2.0
NVDA,2023-07-06,EMA Pullback,70,5,0.0,EXPIRED,,,0,0.0,0.0,2.0
NVDA,2023-07-07,EMA Pullback,70,5,0.0,EXPIRED,,,0,0.0,0.0,2.0
NVDA,2023-07-10,EMA Pullback,70,5,0.0,EXPIRED,,,0,0.0,0.0,2.0
NVDA,2023-07-11,EMA Pullback,70,5,0.0,EXPIRED,,,0,0.0,0.0,2.0
NVDA,2023-07-12,EMA Pullback,70,5,0.0,EXPIRED,,,0,0.0,0.0,2.0
NVDA,2023-07-13,EMA Pullback,70,5,0.0,WIN,2023-08-10,2023-08-22,12,0.9961234745864938,9.503556300176369,2.0
NVDA,2023-08-22,EMA Pullback,70,5,0.0,LOSS,2023-09-15,2023-09-21,6,-1.0,-6.960185401600996,2.0
NVDA,2023-10-05,EMA Pullback,70,5,0.0,LOSS,2023-10-17,2023-10-20,3,-1.0,-5.030757335891628,2.0
NVDA,2023-11-08,EMA Pullback,70,5,0.0,EXPIRED,,,0,0.0,0.0,2.0
NVDA,2023-11-09,EMA Pullback,70,5,0.0,EXPIRED,,,0,0.0,0.0,2.0
NVDA,2023-11-10,EMA Pullback,70,5,0.0,EXPIRED,,,0,0.0,0.0,2.0
NVDA,2023-11-13,EMA Pullback,70,5,0.0,EXPIRED,,,0,0.0,0.0,2.0
NVDA,2023-11-14,EMA Pullback,70,5,0.0,WIN,2023-12-04,2024-01-09,36,2.3516613555479444,13.898386240332721,2.0
NVDA,2024-01-09,EMA Pullback,70,5,0.0,EXPIRED,,,0,0.0,0.0,2.0
NVDA,2024-01-10,EMA Pullback,70,5,0.0,EXPIRED,,,0,0.0,0.0,2.0
NVDA,2024-01-11,EMA Pullback,70,5,0.0,EXPIRED,,,0,0.0,0.0,2.0
NVDA,2024-01-12,EMA Pullback,70,5,0.0,EXPIRED,,,0,0.0,0.0,2.0
NVDA,2024-01-16,EMA Pullback,70,5,0.0,EXPIRED,,,0,0.0,0.0,2.0
NVDA,2024-01-17,EMA Pullback,70,5,0.0,EXPIRED,,,0,0.0,0.0,2.0
NVDA,2024-01-18,EMA Pullback,70,5,0.0,EXPIRED,,,0,0.0,0.0,2.0
NVDA,2024-01-19,EMA Pullback,70,5,0.0,EXPIRED,,,0,0.0,0.0,2.0
NVDA,2024-01-22,EMA Pullback,70,5,0.0,EXPIRED,,,0,0.0,0.0,2.0
NVDA,2024-01-23,EMA Pullback,70,5,0.0,EXPIRED,,,0,0.0,0.0,2.0
NVDA,2024-01-24,EMA Pullback,70,5,0.0,EXPIRED,,,0,0.0,0.0,2.0
NVDA,2024-01-25,EMA Pullback,70,5,0.0,EXPIRED,,,0,0.0,0.0,2.0
NVDA,2024-01-26,EMA Pullback,70,5,0.0,EXPIRED,,,0,0.0,0.0,2.0
NVDA,2024-01-29,EMA Pullback,70,5,0.0,EXPIRED,,,0,0.0,0.0,2.0
NVDA,2024-01-30,EMA Pullback,70,5,0.0,EXPIRED,,,0,0.0,0.0,2.0
NVDA,2024-01-31,EMA Pullback,70,5,0.0,EXPIRED,,,0,0.0,0.0,2.0
NVDA,2024-02-01,EMA Pullback,70,5,0.0,EXPIRED,,,0,0.0,0.0,2.0
NVDA,2024-02-02,EMA Pullback,70,5,0.0,EXPIRED,,,0,0.0,0.0,2.0
NVDA,2024-02-05,EMA Pullback,70,5,0.0,EXPIRED,,,0,0.0,0.0,2.0
NVDA,2024-02-06,EMA Pullback,70,5,0.0,EXPIRED,,,0,0.0,0.0,2.0
NVDA,2024-02-07,EMA Pullback,70,5,0.0,EXPIRED,,,0,0.0,0.0,2.0
NVDA,2024-02-08,EMA Pullback,70,5,0.0,EXPIRED,,,0,0.0,0.0,2.0
NVDA,2024-02-09,EMA Pullback,70,5,0.0,EXPIRED,,,0,0.0,0.0,2.0
NVDA,2024-02-12,EMA Pullback,70,5,0.0,EXPIRED,,,0,0.0,0.0,2.0
NVDA,2024-02-13,EMA Pullback,70,5,0.0,EXPIRED,,,0,0.0,0.0,2.0
NVDA,2024-02-14,EMA Pullback,70,5,0.0,EXPIRED,,,0,0.0,0.0,2.0
NVDA,2024-02-15,EMA Pullback,70,5,0.0,WIN,2024-02-21,2024-02-22,1,0.8591554717040558,8.739258239657667,2.0
NVDA,2024-02-22,EMA Pullback,70,5,0.0,EXPIRED,,,0,0.0,0.0,2.0
NVDA,2024-02-23,EMA Pullback,70,5,0.0,EXPIRED,,,0,0.0,0.0,2.0
NVDA,2024-02-26,EMA Pullback,70,5,0.0,EXPIRED,,,0,0.0,0.0,2.0
NVDA,2024-02-27,EMA Pullback,70,5,0.0,EXPIRED,,,0,0.0,0.0,2.0
NVDA,2024-02-28,EMA Pullback,70,5,0.0,EXPIRED,,,0,0.0,0.0,2.0
NVDA,2024-02-29,EMA Pullback,70,5,0.0,EXPIRED,,,0,0.0,0.0,2.0
NVDA,2024-03-01,EMA Pullback,70,5,0.0,EXPIRED,,,0,0.0,0.0,2.0
NVDA,2024-03-04,EMA Pullback,70,5,0.0,EXPIRED,,,0,0.0,0.0,2.0
NVDA,2024-03-05,EMA Pullback,70,5,0.0,EXPIRED,,,0,0.0,0.0,2.0
NVDA,2024-03-06,EMA Pullback,70,5,0.0,EXPIRED,,,0,0.0,0.0,2.0
NVDA,2024-03-07,EMA Pullback,70,5,0.0,EXPIRED,,,0,0.0,0.0,2.0
NVDA,2024-03-08,EMA Pullback,70,5,0.0,EXPIRED,,,0,0.0,0.0,2.0
NVDA,2024-03-11,EMA Pullback,70,5,0.0,EXPIRED,,,0,0.0,0.0,2.0
NVDA,2024-03-12,EMA Pullback,70,5,0.0,EXPIRED,,,0,0.0,0.0,2.0
NVDA,2024-03-13,EMA Pullback,70,5,0.0,EXPIRED,,,0,0.0,0.0,2.0
NVDA,2024-03-14,EMA Pullback,70,5,0.0,EXPIRED,,,0,0.0,0.0,2.0
NVDA,2024-03-15,EMA Pullback,70,5,0.0,EXPIRED,,,0,0.0,0.0,2.0
NVDA,2024-03-18,EMA Pullback,70,5,0.0,WIN,2024-04-09,2024-05-15,36,0.7422312409467462,8.00197690088751,2.0
NVDA,2024-05-15,EMA Pullback,70,5,0.0,EXPIRED,,,0,0.0,0.0,2.0
NVDA,2024-05-16,EMA Pullback,70,5,0.0,EXPIRED,,,0,0.0,0.0,2.0
NVDA,2024-05-17,EMA Pullback,70,5,0.0,EXPIRED,,,0,0.0,0.0,2.0
NVDA,2024-05-20,EMA Pullback,70,5,0.0,EXPIRED,,,0,0.0,0.0,2.0
NVDA,2024-05-21,EMA Pullback,70,5,0.0,EXPIRED,,,0,0.0,0.0,2.0
NVDA,2024-05-22,EMA Pullback,70,5,0.0,EXPIRED,,,0,0.0,0.0,2.0
NVDA,2024-05-23,EMA Pullback,70,5,0.0,EXPIRED,,,0,0.0,0.0,2.0
NVDA,2024-05-24,EMA Pullback,70,5,0.0,EXPIRED,,,0,0.0,0.0,2.0
NVDA,2024-05-28,EMA Pullback,70,5,0.0,EXPIRED,,,0,0.0,0.0,2.0
NVDA,2024-05-29,EMA Pullback,70,5,0.0,EXPIRED,,,0,0.0,0.0,2.0
NVDA,2024-05-30,EMA Pullback,70,5,0.0,EXPIRED,,,0,0.0,0.0,2.0
NVDA,2024-05-31,EMA Pullback,70,5,0.0,EXPIRED,,,0,0.0,0.0,2.0
NVDA,2024-06-03,EMA Pullback,70,5,0.0,EXPIRED,,,0,0.0,0.0,2.0
NVDA,2024-06-04,EMA Pullback,70,5,0.0,EXPIRED,,,0,0.0,0.0,2.0
NVDA,2024-06-05,EMA Pullback,70,5,0.0,EXPIRED,,,0,0.0,0.0,2.0
NVDA,2024-06-06,EMA Pullback,70,5,0.0,EXPIRED,,,0,0.0,0.0,2.0
NVDA,2024-06-07,EMA Pullback,70,5,0.0,EXPIRED,,,0,0.0,0.0,2.0
NVDA,2024-06-10,EMA Pullback,70,5,0.0,EXPIRED,,,0,0.0,0.0,2.0
NVDA,2024-06-11,EMA Pullback,70,5,0.0,EXPIRED,,,0,0.0,0.0,2.0
NVDA,2024-06-12,EMA Pullback,70,5,0.0,EXPIRED,,,0,0.0,0.0,2.0
NVDA,2024-06-13,EMA Pullback,70,5,0.0,EXPIRED,,,0,0.0,0.0,2.0
NVDA,2024-06-14,EMA Pullback,70,5,0.0,EXPIRED,,,0,0.0,0.0,2.0
NVDA,2024-06-17,EMA Pullback,70,5,0.0,EXPIRED,,,0,0.0,0.0,2.0
NVDA,2024-06-18,EMA Pullback,70,5,0.0,WIN,2024-06-24,2024-07-09,15,0.7851256672893426,8.282486904914894,2.0
NVDA,2024-07-09,EMA Pullback,70,5,0.0,LOSS,2024-07-17,2024-07-25,8,-1.0,-9.178580020123977,2.0
NVDA,2024-08-16,EMA Pullback,70,5,0.0,LOSS,2024-09-03,2024-09-03,0,-1.0,-5.104158272955328,2.0
NVDA,2024-09-24,EMA Pullback,70,5,0.0,WIN,2024-10-01,2024-10-14,13,2.9138408688760578,14.873558911099297,2.0
NVDA,2024-10-14,EMA Pullback,70,5,0.0,EXPIRED,,,0,0.0,0.0,2.0
NVDA,2024-10-15,EMA Pullback,70,5,0.0,EXPIRED,,,0,0.0,0.0,2.0
NVDA,2024-10-16,EMA Pullback,70,5,0.0,EXPIRED,,,0,0.0,0.0,2.0
NVDA,2024-10-17,EMA Pullback,70,5,0.0,EXPIRED,,,0,0.0,0.0,2.0
NVDA,2024-10-18,EMA Pullback,70,5,0.0,EXPIRED,,,0,0.0,0.0,2.0
NVDA,2024-10-21,EMA Pullback,70,5,0.0,EXPIRED,,,0,0.0,0.0,2.0
NVDA,2024-10-22,EMA Pullback,70,5,0.0,EXPIRED,,,0,0.0,0.0,2.0
NVDA,2024-10-23,EMA Pullback,70,5,0.0,PARTIAL_WIN,2024-10-31,2025-01-27,88,-0.03921117535821983,-0.2977312060388003,2.0
NVDA,2025-05-21,EMA Pullback,70,5,0.0,EXPIRED,,,0,0.0,0.0,2.0
NVDA,2025-05-22,EMA Pullback,70,5,0.0,EXPIRED,,,0,0.0,0.0,2.0
NVDA,2025-05-23,EMA Pullback,70,5,0.0,EXPIRED,,,0,0.0,0.0,2.0
NVDA,2025-05-27,EMA Pullback,70,5,0.0,EXPIRED,,,0,0.0,0.0,2.0
NVDA,2025-05-28,EMA Pullback,70,5,0.0,EXPIRED,,,0,0.0,0.0,2.0
NVDA,2025-05-29,EMA Pullback,70,5,0.0,EXPIRED,,,0,0.0,0.0,2.0
NVDA,2025-05-30,EMA Pullback,70,5,0.0,EXPIRED,,,0,0.0,0.0,2.0
NVDA,2025-06-02,EMA Pullback,70,5,0.0,EXPIRED,,,0,0.0,0.0,2.0
NVDA,2025-06-03,EMA Pullback,70,5,0.0,EXPIRED,,,0,0.0,0.0,2.0
NVDA,2025-06-04,EMA Pullback,70,5,0.0,EXPIRED,,,0,0.0,0.0,2.0
NVDA,2025-06-05,EMA Pullback,70,5,0.0,EXPIRED,,,0,0.0,0.0,2.0
NVDA,2025-06-06,EMA Pullback,70,5,0.0,EXPIRED,,,0,0.0,0.0,2.0
NVDA,2025-06-09,EMA Pullback,70,5,0.0,EXPIRED,,,0,0.0,0.0,2.0
NVDA,2025-06-10,EMA Pullback,70,5,0.0,EXPIRED,,,0,0.0,0.0,2.0
NVDA,2025-06-11,EMA Pullback,70,5,0.0,EXPIRED,,,0,0.0,0.0,2.0
NVDA,2025-06-12,EMA Pullback,70,5,0.0,EXPIRED,,,0,0.0,0.0,2.0
NVDA,2025-06-13,EMA Pullback,70,5,0.0,EXPIRED,,,0,0.0,0.0,2.0
NVDA,2025-06-16,EMA Pullback,70,5,0.0,EXPIRED,,,0,0.0,0.0,2.0
NVDA,2025-06-17,EMA Pullback,70,5,0.0,EXPIRED,,,0,0.0,0.0,2.0
NVDA,2025-06-18,EMA Pullback,70,5,0.0,EXPIRED,,,0,0.0,0.0,2.0
NVDA,2025-06-20,EMA Pullback,70,5,0.0,EXPIRED,,,0,0.0,0.0,2.0
NVDA,2025-06-23,EMA Pullback,70,5,0.0,EXPIRED,,,0,0.0,0.0,2.0
NVDA,2025-06-24,EMA Pullback,70,5,0.0,EXPIRED,,,0,0.0,0.0,2.0
NVDA,2025-06-25,EMA Pullback,70,5,0.0,EXPIRED,,,0,0.0,0.0,2.0
NVDA,2025-06-26,EMA Pullback,70,5,0.0,EXPIRED,,,0,0.0,0.0,2.0
NVDA,2025-06-27,EMA Pullback,70,5,0.0,EXPIRED,,,0,0.0,0.0,2.0
NVDA,2025-06-30,EMA Pullback,70,5,0.0,EXPIRED,,,0,0.0,0.0,2.0
NVDA,2025-07-01,EMA Pullback,70,5,0.0,EXPIRED,,,0,0.0,0.0,2.0
NVDA,2025-07-02,EMA Pullback,70,5,0.0,EXPIRED,,,0,0.0,0.0,2.0
NVDA,2025-07-03,EMA Pullback,70,5,0.0,EXPIRED,,,0,0.0,0.0,2.0
NVDA,2025-07-07,EMA Pullback,70,5,0.0,EXPIRED,,,0,0.0,0.0,2.0
NVDA,2025-07-08,EMA Pullback,70,5,0.0,EXPIRED,,,0,0.0,0.0,2.0
NVDA,2025-07-09,EMA Pullback,70,5,0.0,EXPIRED,,,0,0.0,0.0,2.0
NVDA,2025-07-10,EMA Pullback,70,5,0.0,EXPIRED,,,0,0.0,0.0,2.0
NVDA,2025-07-11,EMA Pullback,70,5,0.0,EXPIRED,,,0,0.0,0.0,2.0
NVDA,2025-07-14,EMA Pullback,70,5,0.0,EXPIRED,,,0,0.0,0.0,2.0
NVDA,2025-07-15,EMA Pullback,70,5,0.0,EXPIRED,,,0,0.0,0.0,2.0
NVDA,2025-07-16,EMA Pullback,70,5,0.0,EXPIRED,,,0,0.0,0.0,2.0
NVDA,2025-07-17,EMA Pullback,70,5,0.0,EXPIRED,,,0,0.0,0.0,2.0
NVDA,2025-07-18,EMA Pullback,70,5,0.0,EXPIRED,,,0,0.0,0.0,2.0
NVDA,2025-07-21,EMA Pullback,70,5,0.0,EXPIRED,,,0,0.0,0.0,2.0
NVDA,2025-07-22,EMA Pullback,70,5,0.0,EXPIRED,,,0,0.0,0.0,2.0
NVDA,2025-07-23,EMA Pullback,70,5,0.0,EXPIRED,,,0,0.0,0.0,2.0
NVDA,2025-07-24,EMA Pullback,70,5,0.0,EXPIRED,,,0,0.0,0.0,2.0
NVDA,2025-07-25,EMA Pullback,70,5,0.0,EXPIRED,,,0,0.0,0.0,2.0
NVDA,2025-07-28,EMA Pullback,70,5,0.0,EXPIRED,,,0,0.0,0.0,2.0
NVDA,2025-07-29,EMA Pullback,70,5,0.0,EXPIRED,,,0,0.0,0.0,2.0
NVDA,2025-07-30,EMA Pullback,70,5,0.0,EXPIRED,,,0,0.0,0.0,2.0
NVDA,2025-07-31,EMA Pullback,70,5,0.0,WIN,2025-08-20,2025-10-09,50,1.1921300233270424,10.445719500831643,2.0
NVDA,2025-10-09,EMA Pullback,70,5,0.0,PARTIAL_WIN,2025-10-14,2025-11-25,42,0.11848752065028678,0.7811930344980934,2.0
NVDA,2025-12-30,EMA Pullback,70,5,0.0,LOSS,2026-01-08,2026-02-04,27,-1.0,-5.050613668808931,2.0
NVDA,2026-02-10,EMA Pullback,70,5,0.0,LOSS,2026-02-13,2026-03-02,17,-1.0653755973962382,-5.377041125218116,2.0
NVDA,2026-04-15,EMA Pullback,70,5,0.0,EXPIRED,,,0,0.0,0.0,2.0
NVDA,2026-04-16,EMA Pullback,70,5,0.0,EXPIRED,,,0,0.0,0.0,2.0
NVDA,2026-04-17,EMA Pullback,70,5,0.0,EXPIRED,,,0,0.0,0.0,2.0
NVDA,2026-04-20,EMA Pullback,70,5,0.0,EXPIRED,,,0,0.0,0.0,2.0
NVDA,2026-04-21,EMA Pullback,70,5,0.0,EXPIRED,,,0,0.0,0.0,2.0
NVDA,2026-04-22,EMA Pullback,70,5,0.0,EXPIRED,,,0,0.0,0.0,2.0
NVDA,2026-04-23,EMA Pullback,70,5,0.0,EXPIRED,,,0,0.0,0.0,2.0
NVDA,2026-04-24,EMA Pullback,70,5,0.0,EXPIRED,,,0,0.0,0.0,2.0
NVDA,2026-04-27,EMA Pullback,70,5,0.0,WIN,2026-05-04,2026-05-14,10,1.9664422350118755,13.03090768227609,2.0
